{
  "Global": {
    "NewConfirmed": 0,
    "TotalConfirmed": 3750571,
    "NewDeaths": 0,
    "TotalDeaths": 264684,
    "NewRecovered": 0,
    "TotalRecovered": 1196613
  },
  "Countries": [
    {
      "Country": "ALA Aland Islands",
      "CountryCode": "AX",
      "Slug": "ala-aland-islands",
      "NewConfirmed": 0,
      "TotalConfirmed": 0,
      "NewDeaths": 0,
      "TotalDeaths": 0,
      "NewRecovered": 0,
      "TotalRecovered": 0,
      "Date": "2020-05-08T10:25:43Z"
    },
    {
      "Country": "Afghanistan",
      "CountryCode": "AF",
      "Slug": "afghanistan",
      "NewConfirmed": 0,
      "TotalConfirmed": 3563,
      "NewDeaths": 0,
      "TotalDeaths": 106,
      "NewRecovered": 0,
      "TotalRecovered": 468,
      "Date": "2020-05-08T10:25:43Z"
    },
    {
      "Country": "Albania",
      "CountryCode": "AL",
      "Slug": "albania",
      "NewConfirmed": 0,
      "TotalConfirmed": 842,
      "NewDeaths": 0,
      "TotalDeaths": 31,
      "NewRecovered": 0,
      "TotalRecovered": 605,
      "Date": "2020-05-08T10:25:43Z"
    },
    {
      "Country": "Algeria",
      "CountryCode": "DZ",
      "Slug": "algeria",
      "NewConfirmed": 0,
      "TotalConfirmed": 5182,
      "NewDeaths": 0,
      "TotalDeaths": 483,
      "NewRecovered": 0,
      "TotalRecovered": 2323,
      "Date": "2020-05-08T10:25:43Z"
    },
    {
      "Country": "American Samoa",
      "CountryCode": "AS",
      "Slug": "american-samoa",
      "NewConfirmed": 0,
      "TotalConfirmed": 0,
      "NewDeaths": 0,
      "TotalDeaths": 0,
      "NewRecovered": 0,
      "TotalRecovered": 0,
      "Date": "2020-05-08T10:25:43Z"
    },
    {
      "Country": "Andorra",
      "CountryCode": "AD",
      "Slug": "andorra",
      "NewConfirmed": 0,
      "TotalConfirmed": 752,
      "NewDeaths": 0,
      "TotalDeaths": 47,
      "NewRecovered": 0,
      "TotalRecovered": 526,
      "Date": "2020-05-08T10:25:43Z"
    },
    {
      "Country": "Angola",
      "CountryCode": "AO",
      "Slug": "angola",
      "NewConfirmed": 0,
      "TotalConfirmed": 36,
      "NewDeaths": 0,
      "TotalDeaths": 2,
      "NewRecovered": 0,
      "TotalRecovered": 11,
      "Date": "2020-05-08T10:25:43Z"
    },
    {
      "Country": "Anguilla",
      "CountryCode": "AI",
      "Slug": "anguilla",
      "NewConfirmed": 0,
      "TotalConfirmed": 0,
      "NewDeaths": 0,
      "TotalDeaths": 0,
      "NewRecovered": 0,
      "TotalRecovered": 0,
      "Date": "2020-05-08T10:25:43Z"
    },
    {
      "Country": "Antarctica",
      "CountryCode": "AQ",
      "Slug": "antarctica",
      "NewConfirmed": 0,
      "TotalConfirmed": 0,
      "NewDeaths": 0,
      "TotalDeaths": 0,
      "NewRecovered": 0,
      "TotalRecovered": 0,
      "Date": "2020-05-08T10:25:43Z"
    },
    {
      "Country": "Antigua and Barbuda",
      "CountryCode": "AG",
      "Slug": "antigua-and-barbuda",
      "NewConfirmed": 0,
      "TotalConfirmed": 25,
      "NewDeaths": 0,
      "TotalDeaths": 3,
      "NewRecovered": 0,
      "TotalRecovered": 16,
      "Date": "2020-05-08T10:25:43Z"
    },
    {
      "Country": "Argentina",
      "CountryCode": "AR",
      "Slug": "argentina",
      "NewConfirmed": 0,
      "TotalConfirmed": 5371,
      "NewDeaths": 0,
      "TotalDeaths": 282,
      "NewRecovered": 0,
      "TotalRecovered": 1601,
      "Date": "2020-05-08T10:25:43Z"
    },
    {
      "Country": "Armenia",
      "CountryCode": "AM",
      "Slug": "armenia",
      "NewConfirmed": 0,
      "TotalConfirmed": 2884,
      "NewDeaths": 0,
      "TotalDeaths": 42,
      "NewRecovered": 0,
      "TotalRecovered": 1185,
      "Date": "2020-05-08T10:25:43Z"
    },
    {
      "Country": "Aruba",
      "CountryCode": "AW",
      "Slug": "aruba",
      "NewConfirmed": 0,
      "TotalConfirmed": 0,
      "NewDeaths": 0,
      "TotalDeaths": 0,
      "NewRecovered": 0,
      "TotalRecovered": 0,
      "Date": "2020-05-08T10:25:43Z"
    },
    {
      "Country": "Australia",
      "CountryCode": "AU",
      "Slug": "australia",
      "NewConfirmed": 0,
      "TotalConfirmed": 0,
      "NewDeaths": 0,
      "TotalDeaths": 0,
      "NewRecovered": 0,
      "TotalRecovered": 0,
      "Date": "2020-05-08T10:25:43Z"
    },
    {
      "Country": "Austria",
      "CountryCode": "AT",
      "Slug": "austria",
      "NewConfirmed": 0,
      "TotalConfirmed": 15752,
      "NewDeaths": 0,
      "TotalDeaths": 609,
      "NewRecovered": 0,
      "TotalRecovered": 13698,
      "Date": "2020-05-08T10:25:43Z"
    },
    {
      "Country": "Azerbaijan",
      "CountryCode": "AZ",
      "Slug": "azerbaijan",
      "NewConfirmed": 0,
      "TotalConfirmed": 2204,
      "NewDeaths": 0,
      "TotalDeaths": 28,
      "NewRecovered": 0,
      "TotalRecovered": 1551,
      "Date": "2020-05-08T10:25:43Z"
    },
    {
      "Country": "Bahamas",
      "CountryCode": "BS",
      "Slug": "bahamas",
      "NewConfirmed": 0,
      "TotalConfirmed": 92,
      "NewDeaths": 0,
      "TotalDeaths": 11,
      "NewRecovered": 0,
      "TotalRecovered": 26,
      "Date": "2020-05-08T10:25:43Z"
    },
    {
      "Country": "Bahrain",
      "CountryCode": "BH",
      "Slug": "bahrain",
      "NewConfirmed": 0,
      "TotalConfirmed": 4199,
      "NewDeaths": 0,
      "TotalDeaths": 8,
      "NewRecovered": 0,
      "TotalRecovered": 2000,
      "Date": "2020-05-08T10:25:43Z"
    },
    {
      "Country": "Bangladesh",
      "CountryCode": "BD",
      "Slug": "bangladesh",
      "NewConfirmed": 0,
      "TotalConfirmed": 12425,
      "NewDeaths": 0,
      "TotalDeaths": 199,
      "NewRecovered": 0,
      "TotalRecovered": 1910,
      "Date": "2020-05-08T10:25:43Z"
    },
    {
      "Country": "Barbados",
      "CountryCode": "BB",
      "Slug": "barbados",
      "NewConfirmed": 0,
      "TotalConfirmed": 82,
      "NewDeaths": 0,
      "TotalDeaths": 7,
      "NewRecovered": 0,
      "TotalRecovered": 53,
      "Date": "2020-05-08T10:25:43Z"
    },
    {
      "Country": "Belarus",
      "CountryCode": "BY",
      "Slug": "belarus",
      "NewConfirmed": 0,
      "TotalConfirmed": 20168,
      "NewDeaths": 0,
      "TotalDeaths": 116,
      "NewRecovered": 0,
      "TotalRecovered": 5067,
      "Date": "2020-05-08T10:25:43Z"
    },
    {
      "Country": "Belgium",
      "CountryCode": "BE",
      "Slug": "belgium",
      "NewConfirmed": 0,
      "TotalConfirmed": 51420,
      "NewDeaths": 0,
      "TotalDeaths": 8415,
      "NewRecovered": 0,
      "TotalRecovered": 12980,
      "Date": "2020-05-08T10:25:43Z"
    },
    {
      "Country": "Belize",
      "CountryCode": "BZ",
      "Slug": "belize",
      "NewConfirmed": 0,
      "TotalConfirmed": 18,
      "NewDeaths": 0,
      "TotalDeaths": 2,
      "NewRecovered": 0,
      "TotalRecovered": 16,
      "Date": "2020-05-08T10:25:43Z"
    },
    {
      "Country": "Benin",
      "CountryCode": "BJ",
      "Slug": "benin",
      "NewConfirmed": 0,
      "TotalConfirmed": 140,
      "NewDeaths": 0,
      "TotalDeaths": 2,
      "NewRecovered": 0,
      "TotalRecovered": 53,
      "Date": "2020-05-08T10:25:43Z"
    },
    {
      "Country": "Bermuda",
      "CountryCode": "BM",
      "Slug": "bermuda",
      "NewConfirmed": 0,
      "TotalConfirmed": 0,
      "NewDeaths": 0,
      "TotalDeaths": 0,
      "NewRecovered": 0,
      "TotalRecovered": 0,
      "Date": "2020-05-08T10:25:43Z"
    },
    {
      "Country": "Bhutan",
      "CountryCode": "BT",
      "Slug": "bhutan",
      "NewConfirmed": 0,
      "TotalConfirmed": 7,
      "NewDeaths": 0,
      "TotalDeaths": 0,
      "NewRecovered": 0,
      "TotalRecovered": 5,
      "Date": "2020-05-08T10:25:43Z"
    },
    {
      "Country": "Bolivia",
      "CountryCode": "BO",
      "Slug": "bolivia",
      "NewConfirmed": 0,
      "TotalConfirmed": 2081,
      "NewDeaths": 0,
      "TotalDeaths": 102,
      "NewRecovered": 0,
      "TotalRecovered": 219,
      "Date": "2020-05-08T10:25:43Z"
    },
    {
      "Country": "Bosnia and Herzegovina",
      "CountryCode": "BA",
      "Slug": "bosnia-and-herzegovina",
      "NewConfirmed": 0,
      "TotalConfirmed": 2027,
      "NewDeaths": 0,
      "TotalDeaths": 90,
      "NewRecovered": 0,
      "TotalRecovered": 954,
      "Date": "2020-05-08T10:25:43Z"
    },
    {
      "Country": "Botswana",
      "CountryCode": "BW",
      "Slug": "botswana",
      "NewConfirmed": 0,
      "TotalConfirmed": 23,
      "NewDeaths": 0,
      "TotalDeaths": 1,
      "NewRecovered": 0,
      "TotalRecovered": 9,
      "Date": "2020-05-08T10:25:43Z"
    },
    {
      "Country": "Bouvet Island",
      "CountryCode": "BV",
      "Slug": "bouvet-island",
      "NewConfirmed": 0,
      "TotalConfirmed": 0,
      "NewDeaths": 0,
      "TotalDeaths": 0,
      "NewRecovered": 0,
      "TotalRecovered": 0,
      "Date": "2020-05-08T10:25:43Z"
    },
    {
      "Country": "Brazil",
      "CountryCode": "BR",
      "Slug": "brazil",
      "NewConfirmed": 0,
      "TotalConfirmed": 135773,
      "NewDeaths": 0,
      "TotalDeaths": 9190,
      "NewRecovered": 0,
      "TotalRecovered": 55350,
      "Date": "2020-05-08T10:25:43Z"
    },
    {
      "Country": "British Indian Ocean Territory",
      "CountryCode": "IO",
      "Slug": "british-indian-ocean-territory",
      "NewConfirmed": 0,
      "TotalConfirmed": 0,
      "NewDeaths": 0,
      "TotalDeaths": 0,
      "NewRecovered": 0,
      "TotalRecovered": 0,
      "Date": "2020-05-08T10:25:43Z"
    },
    {
      "Country": "British Virgin Islands",
      "CountryCode": "VG",
      "Slug": "british-virgin-islands",
      "NewConfirmed": 0,
      "TotalConfirmed": 0,
      "NewDeaths": 0,
      "TotalDeaths": 0,
      "NewRecovered": 0,
      "TotalRecovered": 0,
      "Date": "2020-05-08T10:25:43Z"
    },
    {
      "Country": "Brunei Darussalam",
      "CountryCode": "BN",
      "Slug": "brunei",
      "NewConfirmed": 0,
      "TotalConfirmed": 141,
      "NewDeaths": 0,
      "TotalDeaths": 1,
      "NewRecovered": 0,
      "TotalRecovered": 131,
      "Date": "2020-05-08T10:25:43Z"
    },
    {
      "Country": "Bulgaria",
      "CountryCode": "BG",
      "Slug": "bulgaria",
      "NewConfirmed": 0,
      "TotalConfirmed": 1829,
      "NewDeaths": 0,
      "TotalDeaths": 84,
      "NewRecovered": 0,
      "TotalRecovered": 384,
      "Date": "2020-05-08T10:25:43Z"
    },
    {
      "Country": "Burkina Faso",
      "CountryCode": "BF",
      "Slug": "burkina-faso",
      "NewConfirmed": 0,
      "TotalConfirmed": 736,
      "NewDeaths": 0,
      "TotalDeaths": 48,
      "NewRecovered": 0,
      "TotalRecovered": 562,
      "Date": "2020-05-08T10:25:43Z"
    },
    {
      "Country": "Burundi",
      "CountryCode": "BI",
      "Slug": "burundi",
      "NewConfirmed": 0,
      "TotalConfirmed": 15,
      "NewDeaths": 0,
      "TotalDeaths": 1,
      "NewRecovered": 0,
      "TotalRecovered": 7,
      "Date": "2020-05-08T10:25:43Z"
    },
    {
      "Country": "Cambodia",
      "CountryCode": "KH",
      "Slug": "cambodia",
      "NewConfirmed": 0,
      "TotalConfirmed": 122,
      "NewDeaths": 0,
      "TotalDeaths": 0,
      "NewRecovered": 0,
      "TotalRecovered": 120,
      "Date": "2020-05-08T10:25:43Z"
    },
    {
      "Country": "Cameroon",
      "CountryCode": "CM",
      "Slug": "cameroon",
      "NewConfirmed": 0,
      "TotalConfirmed": 2267,
      "NewDeaths": 0,
      "TotalDeaths": 108,
      "NewRecovered": 0,
      "TotalRecovered": 1002,
      "Date": "2020-05-08T10:25:43Z"
    },
    {
      "Country": "Canada",
      "CountryCode": "CA",
      "Slug": "canada",
      "NewConfirmed": 0,
      "TotalConfirmed": 66200,
      "NewDeaths": 0,
      "TotalDeaths": 4540,
      "NewRecovered": 0,
      "TotalRecovered": 29260,
      "Date": "2020-05-08T10:25:43Z"
    },
    {
      "Country": "Cape Verde",
      "CountryCode": "CV",
      "Slug": "cape-verde",
      "NewConfirmed": 0,
      "TotalConfirmed": 218,
      "NewDeaths": 0,
      "TotalDeaths": 2,
      "NewRecovered": 0,
      "TotalRecovered": 38,
      "Date": "2020-05-08T10:25:43Z"
    },
    {
      "Country": "Cayman Islands",
      "CountryCode": "KY",
      "Slug": "cayman-islands",
      "NewConfirmed": 0,
      "TotalConfirmed": 0,
      "NewDeaths": 0,
      "TotalDeaths": 0,
      "NewRecovered": 0,
      "TotalRecovered": 0,
      "Date": "2020-05-08T10:25:43Z"
    },
    {
      "Country": "Central African Republic",
      "CountryCode": "CF",
      "Slug": "central-african-republic",
      "NewConfirmed": 0,
      "TotalConfirmed": 94,
      "NewDeaths": 0,
      "TotalDeaths": 0,
      "NewRecovered": 0,
      "TotalRecovered": 10,
      "Date": "2020-05-08T10:25:43Z"
    },
    {
      "Country": "Chad",
      "CountryCode": "TD",
      "Slug": "chad",
      "NewConfirmed": 0,
      "TotalConfirmed": 253,
      "NewDeaths": 0,
      "TotalDeaths": 27,
      "NewRecovered": 0,
      "TotalRecovered": 50,
      "Date": "2020-05-08T10:25:43Z"
    },
    {
      "Country": "Chile",
      "CountryCode": "CL",
      "Slug": "chile",
      "NewConfirmed": 0,
      "TotalConfirmed": 24581,
      "NewDeaths": 0,
      "TotalDeaths": 285,
      "NewRecovered": 0,
      "TotalRecovered": 11664,
      "Date": "2020-05-08T10:25:43Z"
    },
    {
      "Country": "China",
      "CountryCode": "CN",
      "Slug": "china",
      "NewConfirmed": 0,
      "TotalConfirmed": 0,
      "NewDeaths": 0,
      "TotalDeaths": 0,
      "NewRecovered": 0,
      "TotalRecovered": 0,
      "Date": "2020-05-08T10:25:43Z"
    },
    {
      "Country": "Christmas Island",
      "CountryCode": "CX",
      "Slug": "christmas-island",
      "NewConfirmed": 0,
      "TotalConfirmed": 0,
      "NewDeaths": 0,
      "TotalDeaths": 0,
      "NewRecovered": 0,
      "TotalRecovered": 0,
      "Date": "2020-05-08T10:25:43Z"
    },
    {
      "Country": "Cocos (Keeling) Islands",
      "CountryCode": "CC",
      "Slug": "cocos-keeling-islands",
      "NewConfirmed": 0,
      "TotalConfirmed": 0,
      "NewDeaths": 0,
      "TotalDeaths": 0,
      "NewRecovered": 0,
      "TotalRecovered": 0,
      "Date": "2020-05-08T10:25:43Z"
    },
    {
      "Country": "Colombia",
      "CountryCode": "CO",
      "Slug": "colombia",
      "NewConfirmed": 0,
      "TotalConfirmed": 9456,
      "NewDeaths": 0,
      "TotalDeaths": 407,
      "NewRecovered": 0,
      "TotalRecovered": 2300,
      "Date": "2020-05-08T10:25:43Z"
    },
    {
      "Country": "Comoros",
      "CountryCode": "KM",
      "Slug": "comoros",
      "NewConfirmed": 0,
      "TotalConfirmed": 8,
      "NewDeaths": 0,
      "TotalDeaths": 1,
      "NewRecovered": 0,
      "TotalRecovered": 0,
      "Date": "2020-05-08T10:25:43Z"
    },
    {
      "Country": "Congo (Brazzaville)",
      "CountryCode": "CG",
      "Slug": "congo-brazzaville",
      "NewConfirmed": 0,
      "TotalConfirmed": 264,
      "NewDeaths": 0,
      "TotalDeaths": 10,
      "NewRecovered": 0,
      "TotalRecovered": 30,
      "Date": "2020-05-08T10:25:43Z"
    },
    {
      "Country": "Congo (Kinshasa)",
      "CountryCode": "CD",
      "Slug": "congo-kinshasa",
      "NewConfirmed": 0,
      "TotalConfirmed": 863,
      "NewDeaths": 0,
      "TotalDeaths": 36,
      "NewRecovered": 0,
      "TotalRecovered": 103,
      "Date": "2020-05-08T10:25:43Z"
    },
    {
      "Country": "Cook Islands",
      "CountryCode": "CK",
      "Slug": "cook-islands",
      "NewConfirmed": 0,
      "TotalConfirmed": 0,
      "NewDeaths": 0,
      "TotalDeaths": 0,
      "NewRecovered": 0,
      "TotalRecovered": 0,
      "Date": "2020-05-08T10:25:43Z"
    },
    {
      "Country": "Costa Rica",
      "CountryCode": "CR",
      "Slug": "costa-rica",
      "NewConfirmed": 0,
      "TotalConfirmed": 765,
      "NewDeaths": 0,
      "TotalDeaths": 6,
      "NewRecovered": 0,
      "TotalRecovered": 445,
      "Date": "2020-05-08T10:25:43Z"
    },
    {
      "Country": "Croatia",
      "CountryCode": "HR",
      "Slug": "croatia",
      "NewConfirmed": 0,
      "TotalConfirmed": 2125,
      "NewDeaths": 0,
      "TotalDeaths": 86,
      "NewRecovered": 0,
      "TotalRecovered": 1641,
      "Date": "2020-05-08T10:25:43Z"
    },
    {
      "Country": "Cuba",
      "CountryCode": "CU",
      "Slug": "cuba",
      "NewConfirmed": 0,
      "TotalConfirmed": 1729,
      "NewDeaths": 0,
      "TotalDeaths": 73,
      "NewRecovered": 0,
      "TotalRecovered": 1031,
      "Date": "2020-05-08T10:25:43Z"
    },
    {
      "Country": "Cyprus",
      "CountryCode": "CY",
      "Slug": "cyprus",
      "NewConfirmed": 0,
      "TotalConfirmed": 889,
      "NewDeaths": 0,
      "TotalDeaths": 15,
      "NewRecovered": 0,
      "TotalRecovered": 400,
      "Date": "2020-05-08T10:25:43Z"
    },
    {
      "Country": "Czech Republic",
      "CountryCode": "CZ",
      "Slug": "czech-republic",
      "NewConfirmed": 0,
      "TotalConfirmed": 8031,
      "NewDeaths": 0,
      "TotalDeaths": 270,
      "NewRecovered": 0,
      "TotalRecovered": 4371,
      "Date": "2020-05-08T10:25:43Z"
    },
    {
      "Country": "Côte d'Ivoire",
      "CountryCode": "CI",
      "Slug": "cote-divoire",
      "NewConfirmed": 0,
      "TotalConfirmed": 1571,
      "NewDeaths": 0,
      "TotalDeaths": 20,
      "NewRecovered": 0,
      "TotalRecovered": 742,
      "Date": "2020-05-08T10:25:43Z"
    },
    {
      "Country": "Denmark",
      "CountryCode": "DK",
      "Slug": "denmark",
      "NewConfirmed": 0,
      "TotalConfirmed": 10083,
      "NewDeaths": 0,
      "TotalDeaths": 514,
      "NewRecovered": 0,
      "TotalRecovered": 7711,
      "Date": "2020-05-08T10:25:43Z"
    },
    {
      "Country": "Djibouti",
      "CountryCode": "DJ",
      "Slug": "djibouti",
      "NewConfirmed": 0,
      "TotalConfirmed": 1133,
      "NewDeaths": 0,
      "TotalDeaths": 3,
      "NewRecovered": 0,
      "TotalRecovered": 799,
      "Date": "2020-05-08T10:25:43Z"
    },
    {
      "Country": "Dominica",
      "CountryCode": "DM",
      "Slug": "dominica",
      "NewConfirmed": 0,
      "TotalConfirmed": 16,
      "NewDeaths": 0,
      "TotalDeaths": 0,
      "NewRecovered": 0,
      "TotalRecovered": 14,
      "Date": "2020-05-08T10:25:43Z"
    },
    {
      "Country": "Dominican Republic",
      "CountryCode": "DO",
      "Slug": "dominican-republic",
      "NewConfirmed": 0,
      "TotalConfirmed": 9095,
      "NewDeaths": 0,
      "TotalDeaths": 373,
      "NewRecovered": 0,
      "TotalRecovered": 2064,
      "Date": "2020-05-08T10:25:43Z"
    },
    {
      "Country": "Ecuador",
      "CountryCode": "EC",
      "Slug": "ecuador",
      "NewConfirmed": 0,
      "TotalConfirmed": 30298,
      "NewDeaths": 0,
      "TotalDeaths": 1654,
      "NewRecovered": 0,
      "TotalRecovered": 3433,
      "Date": "2020-05-08T10:25:43Z"
    },
    {
      "Country": "Egypt",
      "CountryCode": "EG",
      "Slug": "egypt",
      "NewConfirmed": 0,
      "TotalConfirmed": 7981,
      "NewDeaths": 0,
      "TotalDeaths": 482,
      "NewRecovered": 0,
      "TotalRecovered": 1887,
      "Date": "2020-05-08T10:25:43Z"
    },
    {
      "Country": "El Salvador",
      "CountryCode": "SV",
      "Slug": "el-salvador",
      "NewConfirmed": 0,
      "TotalConfirmed": 695,
      "NewDeaths": 0,
      "TotalDeaths": 15,
      "NewRecovered": 0,
      "TotalRecovered": 252,
      "Date": "2020-05-08T10:25:43Z"
    },
    {
      "Country": "Equatorial Guinea",
      "CountryCode": "GQ",
      "Slug": "equatorial-guinea",
      "NewConfirmed": 0,
      "TotalConfirmed": 439,
      "NewDeaths": 0,
      "TotalDeaths": 4,
      "NewRecovered": 0,
      "TotalRecovered": 13,
      "Date": "2020-05-08T10:25:43Z"
    },
    {
      "Country": "Eritrea",
      "CountryCode": "ER",
      "Slug": "eritrea",
      "NewConfirmed": 0,
      "TotalConfirmed": 39,
      "NewDeaths": 0,
      "TotalDeaths": 0,
      "NewRecovered": 0,
      "TotalRecovered": 30,
      "Date": "2020-05-08T10:25:43Z"
    },
    {
      "Country": "Estonia",
      "CountryCode": "EE",
      "Slug": "estonia",
      "NewConfirmed": 0,
      "TotalConfirmed": 1720,
      "NewDeaths": 0,
      "TotalDeaths": 56,
      "NewRecovered": 0,
      "TotalRecovered": 273,
      "Date": "2020-05-08T10:25:43Z"
    },
    {
      "Country": "Ethiopia",
      "CountryCode": "ET",
      "Slug": "ethiopia",
      "NewConfirmed": 0,
      "TotalConfirmed": 191,
      "NewDeaths": 0,
      "TotalDeaths": 4,
      "NewRecovered": 0,
      "TotalRecovered": 93,
      "Date": "2020-05-08T10:25:43Z"
    },
    {
      "Country": "Falkland Islands (Malvinas)",
      "CountryCode": "FK",
      "Slug": "falkland-islands-malvinas",
      "NewConfirmed": 0,
      "TotalConfirmed": 0,
      "NewDeaths": 0,
      "TotalDeaths": 0,
      "NewRecovered": 0,
      "TotalRecovered": 0,
      "Date": "2020-05-08T10:25:43Z"
    },
    {
      "Country": "Faroe Islands",
      "CountryCode": "FO",
      "Slug": "faroe-islands",
      "NewConfirmed": 0,
      "TotalConfirmed": 0,
      "NewDeaths": 0,
      "TotalDeaths": 0,
      "NewRecovered": 0,
      "TotalRecovered": 0,
      "Date": "2020-05-08T10:25:43Z"
    },
    {
      "Country": "Fiji",
      "CountryCode": "FJ",
      "Slug": "fiji",
      "NewConfirmed": 0,
      "TotalConfirmed": 18,
      "NewDeaths": 0,
      "TotalDeaths": 0,
      "NewRecovered": 0,
      "TotalRecovered": 14,
      "Date": "2020-05-08T10:25:43Z"
    },
    {
      "Country": "Finland",
      "CountryCode": "FI",
      "Slug": "finland",
      "NewConfirmed": 0,
      "TotalConfirmed": 5673,
      "NewDeaths": 0,
      "TotalDeaths": 255,
      "NewRecovered": 0,
      "TotalRecovered": 3500,
      "Date": "2020-05-08T10:25:43Z"
    },
    {
      "Country": "France",
      "CountryCode": "FR",
      "Slug": "france",
      "NewConfirmed": 0,
      "TotalConfirmed": 173040,
      "NewDeaths": 0,
      "TotalDeaths": 25949,
      "NewRecovered": 0,
      "TotalRecovered": 54076,
      "Date": "2020-05-08T10:25:43Z"
    },
    {
      "Country": "French Guiana",
      "CountryCode": "GF",
      "Slug": "french-guiana",
      "NewConfirmed": 0,
      "TotalConfirmed": 0,
      "NewDeaths": 0,
      "TotalDeaths": 0,
      "NewRecovered": 0,
      "TotalRecovered": 0,
      "Date": "2020-05-08T10:25:43Z"
    },
    {
      "Country": "French Polynesia",
      "CountryCode": "PF",
      "Slug": "french-polynesia",
      "NewConfirmed": 0,
      "TotalConfirmed": 0,
      "NewDeaths": 0,
      "TotalDeaths": 0,
      "NewRecovered": 0,
      "TotalRecovered": 0,
      "Date": "2020-05-08T10:25:43Z"
    },
    {
      "Country": "French Southern Territories",
      "CountryCode": "TF",
      "Slug": "french-southern-territories",
      "NewConfirmed": 0,
      "TotalConfirmed": 0,
      "NewDeaths": 0,
      "TotalDeaths": 0,
      "NewRecovered": 0,
      "TotalRecovered": 0,
      "Date": "2020-05-08T10:25:43Z"
    },
    {
      "Country": "Gabon",
      "CountryCode": "GA",
      "Slug": "gabon",
      "NewConfirmed": 0,
      "TotalConfirmed": 504,
      "NewDeaths": 0,
      "TotalDeaths": 8,
      "NewRecovered": 0,
      "TotalRecovered": 110,
      "Date": "2020-05-08T10:25:43Z"
    },
    {
      "Country": "Gambia",
      "CountryCode": "GM",
      "Slug": "gambia",
      "NewConfirmed": 0,
      "TotalConfirmed": 18,
      "NewDeaths": 0,
      "TotalDeaths": 1,
      "NewRecovered": 0,
      "TotalRecovered": 9,
      "Date": "2020-05-08T10:25:43Z"
    },
    {
      "Country": "Georgia",
      "CountryCode": "GE",
      "Slug": "georgia",
      "NewConfirmed": 0,
      "TotalConfirmed": 615,
      "NewDeaths": 0,
      "TotalDeaths": 9,
      "NewRecovered": 0,
      "TotalRecovered": 275,
      "Date": "2020-05-08T10:25:43Z"
    },
    {
      "Country": "Germany",
      "CountryCode": "DE",
      "Slug": "germany",
      "NewConfirmed": 0,
      "TotalConfirmed": 169430,
      "NewDeaths": 0,
      "TotalDeaths": 7392,
      "NewRecovered": 0,
      "TotalRecovered": 141700,
      "Date": "2020-05-08T10:25:43Z"
    },
    {
      "Country": "Ghana",
      "CountryCode": "GH",
      "Slug": "ghana",
      "NewConfirmed": 0,
      "TotalConfirmed": 3091,
      "NewDeaths": 0,
      "TotalDeaths": 18,
      "NewRecovered": 0,
      "TotalRecovered": 303,
      "Date": "2020-05-08T10:25:43Z"
    },
    {
      "Country": "Gibraltar",
      "CountryCode": "GI",
      "Slug": "gibraltar",
      "NewConfirmed": 0,
      "TotalConfirmed": 0,
      "NewDeaths": 0,
      "TotalDeaths": 0,
      "NewRecovered": 0,
      "TotalRecovered": 0,
      "Date": "2020-05-08T10:25:43Z"
    },
    {
      "Country": "Greece",
      "CountryCode": "GR",
      "Slug": "greece",
      "NewConfirmed": 0,
      "TotalConfirmed": 2678,
      "NewDeaths": 0,
      "TotalDeaths": 148,
      "NewRecovered": 0,
      "TotalRecovered": 1374,
      "Date": "2020-05-08T10:25:43Z"
    },
    {
      "Country": "Greenland",
      "CountryCode": "GL",
      "Slug": "greenland",
      "NewConfirmed": 0,
      "TotalConfirmed": 0,
      "NewDeaths": 0,
      "TotalDeaths": 0,
      "NewRecovered": 0,
      "TotalRecovered": 0,
      "Date": "2020-05-08T10:25:43Z"
    },
    {
      "Country": "Grenada",
      "CountryCode": "GD",
      "Slug": "grenada",
      "NewConfirmed": 0,
      "TotalConfirmed": 21,
      "NewDeaths": 0,
      "TotalDeaths": 0,
      "NewRecovered": 0,
      "TotalRecovered": 13,
      "Date": "2020-05-08T10:25:43Z"
    },
    {
      "Country": "Guadeloupe",
      "CountryCode": "GP",
      "Slug": "guadeloupe",
      "NewConfirmed": 0,
      "TotalConfirmed": 0,
      "NewDeaths": 0,
      "TotalDeaths": 0,
      "NewRecovered": 0,
      "TotalRecovered": 0,
      "Date": "2020-05-08T10:25:43Z"
    },
    {
      "Country": "Guam",
      "CountryCode": "GU",
      "Slug": "guam",
      "NewConfirmed": 0,
      "TotalConfirmed": 0,
      "NewDeaths": 0,
      "TotalDeaths": 0,
      "NewRecovered": 0,
      "TotalRecovered": 0,
      "Date": "2020-05-08T10:25:43Z"
    },
    {
      "Country": "Guatemala",
      "CountryCode": "GT",
      "Slug": "guatemala",
      "NewConfirmed": 0,
      "TotalConfirmed": 832,
      "NewDeaths": 0,
      "TotalDeaths": 23,
      "NewRecovered": 0,
      "TotalRecovered": 90,
      "Date": "2020-05-08T10:25:43Z"
    },
    {
      "Country": "Guernsey",
      "CountryCode": "GG",
      "Slug": "guernsey",
      "NewConfirmed": 0,
      "TotalConfirmed": 0,
      "NewDeaths": 0,
      "TotalDeaths": 0,
      "NewRecovered": 0,
      "TotalRecovered": 0,
      "Date": "2020-05-08T10:25:43Z"
    },
    {
      "Country": "Guinea",
      "CountryCode": "GN",
      "Slug": "guinea",
      "NewConfirmed": 0,
      "TotalConfirmed": 1927,
      "NewDeaths": 0,
      "TotalDeaths": 11,
      "NewRecovered": 0,
      "TotalRecovered": 629,
      "Date": "2020-05-08T10:25:43Z"
    },
    {
      "Country": "Guinea-Bissau",
      "CountryCode": "GW",
      "Slug": "guinea-bissau",
      "NewConfirmed": 0,
      "TotalConfirmed": 564,
      "NewDeaths": 0,
      "TotalDeaths": 2,
      "NewRecovered": 0,
      "TotalRecovered": 25,
      "Date": "2020-05-08T10:25:43Z"
    },
    {
      "Country": "Guyana",
      "CountryCode": "GY",
      "Slug": "guyana",
      "NewConfirmed": 0,
      "TotalConfirmed": 93,
      "NewDeaths": 0,
      "TotalDeaths": 10,
      "NewRecovered": 0,
      "TotalRecovered": 27,
      "Date": "2020-05-08T10:25:43Z"
    },
    {
      "Country": "Haiti",
      "CountryCode": "HT",
      "Slug": "haiti",
      "NewConfirmed": 0,
      "TotalConfirmed": 129,
      "NewDeaths": 0,
      "TotalDeaths": 12,
      "NewRecovered": 0,
      "TotalRecovered": 16,
      "Date": "2020-05-08T10:25:43Z"
    },
    {
      "Country": "Heard and Mcdonald Islands",
      "CountryCode": "HM",
      "Slug": "heard-and-mcdonald-islands",
      "NewConfirmed": 0,
      "TotalConfirmed": 0,
      "NewDeaths": 0,
      "TotalDeaths": 0,
      "NewRecovered": 0,
      "TotalRecovered": 0,
      "Date": "2020-05-08T10:25:43Z"
    },
    {
      "Country": "Holy See (Vatican City State)",
      "CountryCode": "VA",
      "Slug": "holy-see-vatican-city-state",
      "NewConfirmed": 0,
      "TotalConfirmed": 12,
      "NewDeaths": 0,
      "TotalDeaths": 0,
      "NewRecovered": 0,
      "TotalRecovered": 2,
      "Date": "2020-05-08T10:25:43Z"
    },
    {
      "Country": "Honduras",
      "CountryCode": "HN",
      "Slug": "honduras",
      "NewConfirmed": 0,
      "TotalConfirmed": 1685,
      "NewDeaths": 0,
      "TotalDeaths": 105,
      "NewRecovered": 0,
      "TotalRecovered": 154,
      "Date": "2020-05-08T10:25:43Z"
    },
    {
      "Country": "Hong Kong, SAR China",
      "CountryCode": "HK",
      "Slug": "hong-kong-sar-china",
      "NewConfirmed": 0,
      "TotalConfirmed": 0,
      "NewDeaths": 0,
      "TotalDeaths": 0,
      "NewRecovered": 0,
      "TotalRecovered": 0,
      "Date": "2020-05-08T10:25:43Z"
    },
    {
      "Country": "Hungary",
      "CountryCode": "HU",
      "Slug": "hungary",
      "NewConfirmed": 0,
      "TotalConfirmed": 3150,
      "NewDeaths": 0,
      "TotalDeaths": 383,
      "NewRecovered": 0,
      "TotalRecovered": 801,
      "Date": "2020-05-08T10:25:43Z"
    },
    {
      "Country": "Iceland",
      "CountryCode": "IS",
      "Slug": "iceland",
      "NewConfirmed": 0,
      "TotalConfirmed": 1801,
      "NewDeaths": 0,
      "TotalDeaths": 10,
      "NewRecovered": 0,
      "TotalRecovered": 1755,
      "Date": "2020-05-08T10:25:43Z"
    },
    {
      "Country": "India",
      "CountryCode": "IN",
      "Slug": "india",
      "NewConfirmed": 0,
      "TotalConfirmed": 56351,
      "NewDeaths": 0,
      "TotalDeaths": 1889,
      "NewRecovered": 0,
      "TotalRecovered": 16776,
      "Date": "2020-05-08T10:25:43Z"
    },
    {
      "Country": "Indonesia",
      "CountryCode": "ID",
      "Slug": "indonesia",
      "NewConfirmed": 0,
      "TotalConfirmed": 12776,
      "NewDeaths": 0,
      "TotalDeaths": 930,
      "NewRecovered": 0,
      "TotalRecovered": 2381,
      "Date": "2020-05-08T10:25:43Z"
    },
    {
      "Country": "Iran, Islamic Republic of",
      "CountryCode": "IR",
      "Slug": "iran",
      "NewConfirmed": 0,
      "TotalConfirmed": 103135,
      "NewDeaths": 0,
      "TotalDeaths": 6486,
      "NewRecovered": 0,
      "TotalRecovered": 82744,
      "Date": "2020-05-08T10:25:43Z"
    },
    {
      "Country": "Iraq",
      "CountryCode": "IQ",
      "Slug": "iraq",
      "NewConfirmed": 0,
      "TotalConfirmed": 2543,
      "NewDeaths": 0,
      "TotalDeaths": 102,
      "NewRecovered": 0,
      "TotalRecovered": 1626,
      "Date": "2020-05-08T10:25:43Z"
    },
    {
      "Country": "Ireland",
      "CountryCode": "IE",
      "Slug": "ireland",
      "NewConfirmed": 0,
      "TotalConfirmed": 22385,
      "NewDeaths": 0,
      "TotalDeaths": 1403,
      "NewRecovered": 0,
      "TotalRecovered": 17110,
      "Date": "2020-05-08T10:25:43Z"
    },
    {
      "Country": "Isle of Man",
      "CountryCode": "IM",
      "Slug": "isle-of-man",
      "NewConfirmed": 0,
      "TotalConfirmed": 0,
      "NewDeaths": 0,
      "TotalDeaths": 0,
      "NewRecovered": 0,
      "TotalRecovered": 0,
      "Date": "2020-05-08T10:25:43Z"
    },
    {
      "Country": "Israel",
      "CountryCode": "IL",
      "Slug": "israel",
      "NewConfirmed": 0,
      "TotalConfirmed": 16381,
      "NewDeaths": 0,
      "TotalDeaths": 240,
      "NewRecovered": 0,
      "TotalRecovered": 10873,
      "Date": "2020-05-08T10:25:43Z"
    },
    {
      "Country": "Italy",
      "CountryCode": "IT",
      "Slug": "italy",
      "NewConfirmed": 0,
      "TotalConfirmed": 215858,
      "NewDeaths": 0,
      "TotalDeaths": 29958,
      "NewRecovered": 0,
      "TotalRecovered": 96276,
      "Date": "2020-05-08T10:25:43Z"
    },
    {
      "Country": "Jamaica",
      "CountryCode": "JM",
      "Slug": "jamaica",
      "NewConfirmed": 0,
      "TotalConfirmed": 488,
      "NewDeaths": 0,
      "TotalDeaths": 9,
      "NewRecovered": 0,
      "TotalRecovered": 58,
      "Date": "2020-05-08T10:25:43Z"
    },
    {
      "Country": "Japan",
      "CountryCode": "JP",
      "Slug": "japan",
      "NewConfirmed": 0,
      "TotalConfirmed": 15477,
      "NewDeaths": 0,
      "TotalDeaths": 577,
      "NewRecovered": 0,
      "TotalRecovered": 4918,
      "Date": "2020-05-08T10:25:43Z"
    },
    {
      "Country": "Jersey",
      "CountryCode": "JE",
      "Slug": "jersey",
      "NewConfirmed": 0,
      "TotalConfirmed": 0,
      "NewDeaths": 0,
      "TotalDeaths": 0,
      "NewRecovered": 0,
      "TotalRecovered": 0,
      "Date": "2020-05-08T10:25:43Z"
    },
    {
      "Country": "Jordan",
      "CountryCode": "JO",
      "Slug": "jordan",
      "NewConfirmed": 0,
      "TotalConfirmed": 494,
      "NewDeaths": 0,
      "TotalDeaths": 9,
      "NewRecovered": 0,
      "TotalRecovered": 381,
      "Date": "2020-05-08T10:25:43Z"
    },
    {
      "Country": "Kazakhstan",
      "CountryCode": "KZ",
      "Slug": "kazakhstan",
      "NewConfirmed": 0,
      "TotalConfirmed": 4578,
      "NewDeaths": 0,
      "TotalDeaths": 30,
      "NewRecovered": 0,
      "TotalRecovered": 1518,
      "Date": "2020-05-08T10:25:43Z"
    },
    {
      "Country": "Kenya",
      "CountryCode": "KE",
      "Slug": "kenya",
      "NewConfirmed": 0,
      "TotalConfirmed": 607,
      "NewDeaths": 0,
      "TotalDeaths": 29,
      "NewRecovered": 0,
      "TotalRecovered": 197,
      "Date": "2020-05-08T10:25:43Z"
    },
    {
      "Country": "Kiribati",
      "CountryCode": "KI",
      "Slug": "kiribati",
      "NewConfirmed": 0,
      "TotalConfirmed": 0,
      "NewDeaths": 0,
      "TotalDeaths": 0,
      "NewRecovered": 0,
      "TotalRecovered": 0,
      "Date": "2020-05-08T10:25:43Z"
    },
    {
      "Country": "Korea (North)",
      "CountryCode": "KP",
      "Slug": "korea-north",
      "NewConfirmed": 0,
      "TotalConfirmed": 0,
      "NewDeaths": 0,
      "TotalDeaths": 0,
      "NewRecovered": 0,
      "TotalRecovered": 0,
      "Date": "2020-05-08T10:25:43Z"
    },
    {
      "Country": "Korea (South)",
      "CountryCode": "KR",
      "Slug": "korea-south",
      "NewConfirmed": 0,
      "TotalConfirmed": 10822,
      "NewDeaths": 0,
      "TotalDeaths": 256,
      "NewRecovered": 0,
      "TotalRecovered": 9484,
      "Date": "2020-05-08T10:25:43Z"
    },
    {
      "Country": "Kuwait",
      "CountryCode": "KW",
      "Slug": "kuwait",
      "NewConfirmed": 0,
      "TotalConfirmed": 6567,
      "NewDeaths": 0,
      "TotalDeaths": 44,
      "NewRecovered": 0,
      "TotalRecovered": 2381,
      "Date": "2020-05-08T10:25:43Z"
    },
    {
      "Country": "Kyrgyzstan",
      "CountryCode": "KG",
      "Slug": "kyrgyzstan",
      "NewConfirmed": 0,
      "TotalConfirmed": 895,
      "NewDeaths": 0,
      "TotalDeaths": 12,
      "NewRecovered": 0,
      "TotalRecovered": 637,
      "Date": "2020-05-08T10:25:43Z"
    },
    {
      "Country": "Lao PDR",
      "CountryCode": "LA",
      "Slug": "lao-pdr",
      "NewConfirmed": 0,
      "TotalConfirmed": 19,
      "NewDeaths": 0,
      "TotalDeaths": 0,
      "NewRecovered": 0,
      "TotalRecovered": 9,
      "Date": "2020-05-08T10:25:43Z"
    },
    {
      "Country": "Latvia",
      "CountryCode": "LV",
      "Slug": "latvia",
      "NewConfirmed": 0,
      "TotalConfirmed": 909,
      "NewDeaths": 0,
      "TotalDeaths": 18,
      "NewRecovered": 0,
      "TotalRecovered": 464,
      "Date": "2020-05-08T10:25:43Z"
    },
    {
      "Country": "Lebanon",
      "CountryCode": "LB",
      "Slug": "lebanon",
      "NewConfirmed": 0,
      "TotalConfirmed": 784,
      "NewDeaths": 0,
      "TotalDeaths": 25,
      "NewRecovered": 0,
      "TotalRecovered": 220,
      "Date": "2020-05-08T10:25:43Z"
    },
    {
      "Country": "Lesotho",
      "CountryCode": "LS",
      "Slug": "lesotho",
      "NewConfirmed": 0,
      "TotalConfirmed": 0,
      "NewDeaths": 0,
      "TotalDeaths": 0,
      "NewRecovered": 0,
      "TotalRecovered": 0,
      "Date": "2020-05-08T10:25:43Z"
    },
    {
      "Country": "Liberia",
      "CountryCode": "LR",
      "Slug": "liberia",
      "NewConfirmed": 0,
      "TotalConfirmed": 189,
      "NewDeaths": 0,
      "TotalDeaths": 20,
      "NewRecovered": 0,
      "TotalRecovered": 79,
      "Date": "2020-05-08T10:25:43Z"
    },
    {
      "Country": "Libya",
      "CountryCode": "LY",
      "Slug": "libya",
      "NewConfirmed": 0,
      "TotalConfirmed": 64,
      "NewDeaths": 0,
      "TotalDeaths": 3,
      "NewRecovered": 0,
      "TotalRecovered": 24,
      "Date": "2020-05-08T10:25:43Z"
    },
    {
      "Country": "Liechtenstein",
      "CountryCode": "LI",
      "Slug": "liechtenstein",
      "NewConfirmed": 0,
      "TotalConfirmed": 82,
      "NewDeaths": 0,
      "TotalDeaths": 1,
      "NewRecovered": 0,
      "TotalRecovered": 55,
      "Date": "2020-05-08T10:25:43Z"
    },
    {
      "Country": "Lithuania",
      "CountryCode": "LT",
      "Slug": "lithuania",
      "NewConfirmed": 0,
      "TotalConfirmed": 1433,
      "NewDeaths": 0,
      "TotalDeaths": 49,
      "NewRecovered": 0,
      "TotalRecovered": 739,
      "Date": "2020-05-08T10:25:43Z"
    },
    {
      "Country": "Luxembourg",
      "CountryCode": "LU",
      "Slug": "luxembourg",
      "NewConfirmed": 0,
      "TotalConfirmed": 3859,
      "NewDeaths": 0,
      "TotalDeaths": 100,
      "NewRecovered": 0,
      "TotalRecovered": 3505,
      "Date": "2020-05-08T10:25:43Z"
    },
    {
      "Country": "Macao, SAR China",
      "CountryCode": "MO",
      "Slug": "macao-sar-china",
      "NewConfirmed": 0,
      "TotalConfirmed": 0,
      "NewDeaths": 0,
      "TotalDeaths": 0,
      "NewRecovered": 0,
      "TotalRecovered": 0,
      "Date": "2020-05-08T10:25:43Z"
    },
    {
      "Country": "Macedonia, Republic of",
      "CountryCode": "MK",
      "Slug": "macedonia",
      "NewConfirmed": 0,
      "TotalConfirmed": 1572,
      "NewDeaths": 0,
      "TotalDeaths": 89,
      "NewRecovered": 0,
      "TotalRecovered": 1079,
      "Date": "2020-05-08T10:25:43Z"
    },
    {
      "Country": "Madagascar",
      "CountryCode": "MG",
      "Slug": "madagascar",
      "NewConfirmed": 0,
      "TotalConfirmed": 193,
      "NewDeaths": 0,
      "TotalDeaths": 0,
      "NewRecovered": 0,
      "TotalRecovered": 101,
      "Date": "2020-05-08T10:25:43Z"
    },
    {
      "Country": "Malawi",
      "CountryCode": "MW",
      "Slug": "malawi",
      "NewConfirmed": 0,
      "TotalConfirmed": 43,
      "NewDeaths": 0,
      "TotalDeaths": 3,
      "NewRecovered": 0,
      "TotalRecovered": 14,
      "Date": "2020-05-08T10:25:43Z"
    },
    {
      "Country": "Malaysia",
      "CountryCode": "MY",
      "Slug": "malaysia",
      "NewConfirmed": 0,
      "TotalConfirmed": 6467,
      "NewDeaths": 0,
      "TotalDeaths": 107,
      "NewRecovered": 0,
      "TotalRecovered": 4776,
      "Date": "2020-05-08T10:25:43Z"
    },
    {
      "Country": "Maldives",
      "CountryCode": "MV",
      "Slug": "maldives",
      "NewConfirmed": 0,
      "TotalConfirmed": 648,
      "NewDeaths": 0,
      "TotalDeaths": 3,
      "NewRecovered": 0,
      "TotalRecovered": 20,
      "Date": "2020-05-08T10:25:43Z"
    },
    {
      "Country": "Mali",
      "CountryCode": "ML",
      "Slug": "mali",
      "NewConfirmed": 0,
      "TotalConfirmed": 650,
      "NewDeaths": 0,
      "TotalDeaths": 32,
      "NewRecovered": 0,
      "TotalRecovered": 271,
      "Date": "2020-05-08T10:25:43Z"
    },
    {
      "Country": "Malta",
      "CountryCode": "MT",
      "Slug": "malta",
      "NewConfirmed": 0,
      "TotalConfirmed": 486,
      "NewDeaths": 0,
      "TotalDeaths": 5,
      "NewRecovered": 0,
      "TotalRecovered": 413,
      "Date": "2020-05-08T10:25:43Z"
    },
    {
      "Country": "Marshall Islands",
      "CountryCode": "MH",
      "Slug": "marshall-islands",
      "NewConfirmed": 0,
      "TotalConfirmed": 0,
      "NewDeaths": 0,
      "TotalDeaths": 0,
      "NewRecovered": 0,
      "TotalRecovered": 0,
      "Date": "2020-05-08T10:25:43Z"
    },
    {
      "Country": "Martinique",
      "CountryCode": "MQ",
      "Slug": "martinique",
      "NewConfirmed": 0,
      "TotalConfirmed": 0,
      "NewDeaths": 0,
      "TotalDeaths": 0,
      "NewRecovered": 0,
      "TotalRecovered": 0,
      "Date": "2020-05-08T10:25:43Z"
    },
    {
      "Country": "Mauritania",
      "CountryCode": "MR",
      "Slug": "mauritania",
      "NewConfirmed": 0,
      "TotalConfirmed": 8,
      "NewDeaths": 0,
      "TotalDeaths": 1,
      "NewRecovered": 0,
      "TotalRecovered": 6,
      "Date": "2020-05-08T10:25:43Z"
    },
    {
      "Country": "Mauritius",
      "CountryCode": "MU",
      "Slug": "mauritius",
      "NewConfirmed": 0,
      "TotalConfirmed": 332,
      "NewDeaths": 0,
      "TotalDeaths": 10,
      "NewRecovered": 0,
      "TotalRecovered": 320,
      "Date": "2020-05-08T10:25:43Z"
    },
    {
      "Country": "Mayotte",
      "CountryCode": "YT",
      "Slug": "mayotte",
      "NewConfirmed": 0,
      "TotalConfirmed": 0,
      "NewDeaths": 0,
      "TotalDeaths": 0,
      "NewRecovered": 0,
      "TotalRecovered": 0,
      "Date": "2020-05-08T10:25:43Z"
    },
    {
      "Country": "Mexico",
      "CountryCode": "MX",
      "Slug": "mexico",
      "NewConfirmed": 0,
      "TotalConfirmed": 29616,
      "NewDeaths": 0,
      "TotalDeaths": 2961,
      "NewRecovered": 0,
      "TotalRecovered": 17781,
      "Date": "2020-05-08T10:25:43Z"
    },
    {
      "Country": "Micronesia, Federated States of",
      "CountryCode": "FM",
      "Slug": "micronesia",
      "NewConfirmed": 0,
      "TotalConfirmed": 0,
      "NewDeaths": 0,
      "TotalDeaths": 0,
      "NewRecovered": 0,
      "TotalRecovered": 0,
      "Date": "2020-05-08T10:25:43Z"
    },
    {
      "Country": "Moldova",
      "CountryCode": "MD",
      "Slug": "moldova",
      "NewConfirmed": 0,
      "TotalConfirmed": 4605,
      "NewDeaths": 0,
      "TotalDeaths": 145,
      "NewRecovered": 0,
      "TotalRecovered": 1747,
      "Date": "2020-05-08T10:25:43Z"
    },
    {
      "Country": "Monaco",
      "CountryCode": "MC",
      "Slug": "monaco",
      "NewConfirmed": 0,
      "TotalConfirmed": 95,
      "NewDeaths": 0,
      "TotalDeaths": 4,
      "NewRecovered": 0,
      "TotalRecovered": 82,
      "Date": "2020-05-08T10:25:43Z"
    },
    {
      "Country": "Mongolia",
      "CountryCode": "MN",
      "Slug": "mongolia",
      "NewConfirmed": 0,
      "TotalConfirmed": 41,
      "NewDeaths": 0,
      "TotalDeaths": 0,
      "NewRecovered": 0,
      "TotalRecovered": 13,
      "Date": "2020-05-08T10:25:43Z"
    },
    {
      "Country": "Montenegro",
      "CountryCode": "ME",
      "Slug": "montenegro",
      "NewConfirmed": 0,
      "TotalConfirmed": 324,
      "NewDeaths": 0,
      "TotalDeaths": 8,
      "NewRecovered": 0,
      "TotalRecovered": 265,
      "Date": "2020-05-08T10:25:43Z"
    },
    {
      "Country": "Montserrat",
      "CountryCode": "MS",
      "Slug": "montserrat",
      "NewConfirmed": 0,
      "TotalConfirmed": 0,
      "NewDeaths": 0,
      "TotalDeaths": 0,
      "NewRecovered": 0,
      "TotalRecovered": 0,
      "Date": "2020-05-08T10:25:43Z"
    },
    {
      "Country": "Morocco",
      "CountryCode": "MA",
      "Slug": "morocco",
      "NewConfirmed": 0,
      "TotalConfirmed": 5548,
      "NewDeaths": 0,
      "TotalDeaths": 183,
      "NewRecovered": 0,
      "TotalRecovered": 2179,
      "Date": "2020-05-08T10:25:43Z"
    },
    {
      "Country": "Mozambique",
      "CountryCode": "MZ",
      "Slug": "mozambique",
      "NewConfirmed": 0,
      "TotalConfirmed": 81,
      "NewDeaths": 0,
      "TotalDeaths": 0,
      "NewRecovered": 0,
      "TotalRecovered": 24,
      "Date": "2020-05-08T10:25:43Z"
    },
    {
      "Country": "Myanmar",
      "CountryCode": "MM",
      "Slug": "myanmar",
      "NewConfirmed": 0,
      "TotalConfirmed": 176,
      "NewDeaths": 0,
      "TotalDeaths": 6,
      "NewRecovered": 0,
      "TotalRecovered": 62,
      "Date": "2020-05-08T10:25:43Z"
    },
    {
      "Country": "Namibia",
      "CountryCode": "NA",
      "Slug": "namibia",
      "NewConfirmed": 0,
      "TotalConfirmed": 16,
      "NewDeaths": 0,
      "TotalDeaths": 0,
      "NewRecovered": 0,
      "TotalRecovered": 9,
      "Date": "2020-05-08T10:25:43Z"
    },
    {
      "Country": "Nauru",
      "CountryCode": "NR",
      "Slug": "nauru",
      "NewConfirmed": 0,
      "TotalConfirmed": 0,
      "NewDeaths": 0,
      "TotalDeaths": 0,
      "NewRecovered": 0,
      "TotalRecovered": 0,
      "Date": "2020-05-08T10:25:43Z"
    },
    {
      "Country": "Nepal",
      "CountryCode": "NP",
      "Slug": "nepal",
      "NewConfirmed": 0,
      "TotalConfirmed": 101,
      "NewDeaths": 0,
      "TotalDeaths": 0,
      "NewRecovered": 0,
      "TotalRecovered": 22,
      "Date": "2020-05-08T10:25:43Z"
    },
    {
      "Country": "Netherlands",
      "CountryCode": "NL",
      "Slug": "netherlands",
      "NewConfirmed": 0,
      "TotalConfirmed": 41774,
      "NewDeaths": 0,
      "TotalDeaths": 5288,
      "NewRecovered": 0,
      "TotalRecovered": 0,
      "Date": "2020-05-08T10:25:43Z"
    },
    {
      "Country": "Netherlands Antilles",
      "CountryCode": "AN",
      "Slug": "netherlands-antilles",
      "NewConfirmed": 0,
      "TotalConfirmed": 0,
      "NewDeaths": 0,
      "TotalDeaths": 0,
      "NewRecovered": 0,
      "TotalRecovered": 0,
      "Date": "2020-05-08T10:25:43Z"
    },
    {
      "Country": "New Caledonia",
      "CountryCode": "NC",
      "Slug": "new-caledonia",
      "NewConfirmed": 0,
      "TotalConfirmed": 0,
      "NewDeaths": 0,
      "TotalDeaths": 0,
      "NewRecovered": 0,
      "TotalRecovered": 0,
      "Date": "2020-05-08T10:25:43Z"
    },
    {
      "Country": "New Zealand",
      "CountryCode": "NZ",
      "Slug": "new-zealand",
      "NewConfirmed": 0,
      "TotalConfirmed": 1490,
      "NewDeaths": 0,
      "TotalDeaths": 21,
      "NewRecovered": 0,
      "TotalRecovered": 1347,
      "Date": "2020-05-08T10:25:43Z"
    },
    {
      "Country": "Nicaragua",
      "CountryCode": "NI",
      "Slug": "nicaragua",
      "NewConfirmed": 0,
      "TotalConfirmed": 16,
      "NewDeaths": 0,
      "TotalDeaths": 5,
      "NewRecovered": 0,
      "TotalRecovered": 7,
      "Date": "2020-05-08T10:25:43Z"
    },
    {
      "Country": "Niger",
      "CountryCode": "NE",
      "Slug": "niger",
      "NewConfirmed": 0,
      "TotalConfirmed": 781,
      "NewDeaths": 0,
      "TotalDeaths": 42,
      "NewRecovered": 0,
      "TotalRecovered": 586,
      "Date": "2020-05-08T10:25:43Z"
    },
    {
      "Country": "Nigeria",
      "CountryCode": "NG",
      "Slug": "nigeria",
      "NewConfirmed": 0,
      "TotalConfirmed": 3526,
      "NewDeaths": 0,
      "TotalDeaths": 107,
      "NewRecovered": 0,
      "TotalRecovered": 601,
      "Date": "2020-05-08T10:25:43Z"
    },
    {
      "Country": "Niue",
      "CountryCode": "NU",
      "Slug": "niue",
      "NewConfirmed": 0,
      "TotalConfirmed": 0,
      "NewDeaths": 0,
      "TotalDeaths": 0,
      "NewRecovered": 0,
      "TotalRecovered": 0,
      "Date": "2020-05-08T10:25:43Z"
    },
    {
      "Country": "Norfolk Island",
      "CountryCode": "NF",
      "Slug": "norfolk-island",
      "NewConfirmed": 0,
      "TotalConfirmed": 0,
      "NewDeaths": 0,
      "TotalDeaths": 0,
      "NewRecovered": 0,
      "TotalRecovered": 0,
      "Date": "2020-05-08T10:25:43Z"
    },
    {
      "Country": "Northern Mariana Islands",
      "CountryCode": "MP",
      "Slug": "northern-mariana-islands",
      "NewConfirmed": 0,
      "TotalConfirmed": 0,
      "NewDeaths": 0,
      "TotalDeaths": 0,
      "NewRecovered": 0,
      "TotalRecovered": 0,
      "Date": "2020-05-08T10:25:43Z"
    },
    {
      "Country": "Norway",
      "CountryCode": "NO",
      "Slug": "norway",
      "NewConfirmed": 0,
      "TotalConfirmed": 8034,
      "NewDeaths": 0,
      "TotalDeaths": 217,
      "NewRecovered": 0,
      "TotalRecovered": 32,
      "Date": "2020-05-08T10:25:43Z"
    },
    {
      "Country": "Oman",
      "CountryCode": "OM",
      "Slug": "oman",
      "NewConfirmed": 0,
      "TotalConfirmed": 2958,
      "NewDeaths": 0,
      "TotalDeaths": 15,
      "NewRecovered": 0,
      "TotalRecovered": 980,
      "Date": "2020-05-08T10:25:43Z"
    },
    {
      "Country": "Pakistan",
      "CountryCode": "PK",
      "Slug": "pakistan",
      "NewConfirmed": 0,
      "TotalConfirmed": 24644,
      "NewDeaths": 0,
      "TotalDeaths": 585,
      "NewRecovered": 0,
      "TotalRecovered": 6464,
      "Date": "2020-05-08T10:25:43Z"
    },
    {
      "Country": "Palau",
      "CountryCode": "PW",
      "Slug": "palau",
      "NewConfirmed": 0,
      "TotalConfirmed": 0,
      "NewDeaths": 0,
      "TotalDeaths": 0,
      "NewRecovered": 0,
      "TotalRecovered": 0,
      "Date": "2020-05-08T10:25:43Z"
    },
    {
      "Country": "Palestinian Territory",
      "CountryCode": "PS",
      "Slug": "palestine",
      "NewConfirmed": 0,
      "TotalConfirmed": 375,
      "NewDeaths": 0,
      "TotalDeaths": 2,
      "NewRecovered": 0,
      "TotalRecovered": 176,
      "Date": "2020-05-08T10:25:43Z"
    },
    {
      "Country": "Panama",
      "CountryCode": "PA",
      "Slug": "panama",
      "NewConfirmed": 0,
      "TotalConfirmed": 7868,
      "NewDeaths": 0,
      "TotalDeaths": 225,
      "NewRecovered": 0,
      "TotalRecovered": 886,
      "Date": "2020-05-08T10:25:43Z"
    },
    {
      "Country": "Papua New Guinea",
      "CountryCode": "PG",
      "Slug": "papua-new-guinea",
      "NewConfirmed": 0,
      "TotalConfirmed": 8,
      "NewDeaths": 0,
      "TotalDeaths": 0,
      "NewRecovered": 0,
      "TotalRecovered": 8,
      "Date": "2020-05-08T10:25:43Z"
    },
    {
      "Country": "Paraguay",
      "CountryCode": "PY",
      "Slug": "paraguay",
      "NewConfirmed": 0,
      "TotalConfirmed": 462,
      "NewDeaths": 0,
      "TotalDeaths": 10,
      "NewRecovered": 0,
      "TotalRecovered": 148,
      "Date": "2020-05-08T10:25:43Z"
    },
    {
      "Country": "Peru",
      "CountryCode": "PE",
      "Slug": "peru",
      "NewConfirmed": 0,
      "TotalConfirmed": 58526,
      "NewDeaths": 0,
      "TotalDeaths": 1627,
      "NewRecovered": 0,
      "TotalRecovered": 18388,
      "Date": "2020-05-08T10:25:43Z"
    },
    {
      "Country": "Philippines",
      "CountryCode": "PH",
      "Slug": "philippines",
      "NewConfirmed": 0,
      "TotalConfirmed": 10343,
      "NewDeaths": 0,
      "TotalDeaths": 685,
      "NewRecovered": 0,
      "TotalRecovered": 1618,
      "Date": "2020-05-08T10:25:43Z"
    },
    {
      "Country": "Pitcairn",
      "CountryCode": "PN",
      "Slug": "pitcairn",
      "NewConfirmed": 0,
      "TotalConfirmed": 0,
      "NewDeaths": 0,
      "TotalDeaths": 0,
      "NewRecovered": 0,
      "TotalRecovered": 0,
      "Date": "2020-05-08T10:25:43Z"
    },
    {
      "Country": "Poland",
      "CountryCode": "PL",
      "Slug": "poland",
      "NewConfirmed": 0,
      "TotalConfirmed": 15047,
      "NewDeaths": 0,
      "TotalDeaths": 755,
      "NewRecovered": 0,
      "TotalRecovered": 4862,
      "Date": "2020-05-08T10:25:43Z"
    },
    {
      "Country": "Portugal",
      "CountryCode": "PT",
      "Slug": "portugal",
      "NewConfirmed": 0,
      "TotalConfirmed": 26715,
      "NewDeaths": 0,
      "TotalDeaths": 1105,
      "NewRecovered": 0,
      "TotalRecovered": 2258,
      "Date": "2020-05-08T10:25:43Z"
    },
    {
      "Country": "Puerto Rico",
      "CountryCode": "PR",
      "Slug": "puerto-rico",
      "NewConfirmed": 0,
      "TotalConfirmed": 0,
      "NewDeaths": 0,
      "TotalDeaths": 0,
      "NewRecovered": 0,
      "TotalRecovered": 0,
      "Date": "2020-05-08T10:25:43Z"
    },
    {
      "Country": "Qatar",
      "CountryCode": "QA",
      "Slug": "qatar",
      "NewConfirmed": 0,
      "TotalConfirmed": 18890,
      "NewDeaths": 0,
      "TotalDeaths": 12,
      "NewRecovered": 0,
      "TotalRecovered": 2286,
      "Date": "2020-05-08T10:25:43Z"
    },
    {
      "Country": "Republic of Kosovo",
      "CountryCode": "XK",
      "Slug": "kosovo",
      "NewConfirmed": 0,
      "TotalConfirmed": 861,
      "NewDeaths": 0,
      "TotalDeaths": 27,
      "NewRecovered": 0,
      "TotalRecovered": 562,
      "Date": "2020-05-08T10:25:43Z"
    },
    {
      "Country": "Romania",
      "CountryCode": "RO",
      "Slug": "romania",
      "NewConfirmed": 0,
      "TotalConfirmed": 14499,
      "NewDeaths": 0,
      "TotalDeaths": 888,
      "NewRecovered": 0,
      "TotalRecovered": 6144,
      "Date": "2020-05-08T10:25:43Z"
    },
    {
      "Country": "Russian Federation",
      "CountryCode": "RU",
      "Slug": "russia",
      "NewConfirmed": 0,
      "TotalConfirmed": 177160,
      "NewDeaths": 0,
      "TotalDeaths": 1625,
      "NewRecovered": 0,
      "TotalRecovered": 23803,
      "Date": "2020-05-08T10:25:43Z"
    },
    {
      "Country": "Rwanda",
      "CountryCode": "RW",
      "Slug": "rwanda",
      "NewConfirmed": 0,
      "TotalConfirmed": 271,
      "NewDeaths": 0,
      "TotalDeaths": 0,
      "NewRecovered": 0,
      "TotalRecovered": 133,
      "Date": "2020-05-08T10:25:43Z"
    },
    {
      "Country": "Réunion",
      "CountryCode": "RE",
      "Slug": "réunion",
      "NewConfirmed": 0,
      "TotalConfirmed": 0,
      "NewDeaths": 0,
      "TotalDeaths": 0,
      "NewRecovered": 0,
      "TotalRecovered": 0,
      "Date": "2020-05-08T10:25:43Z"
    },
    {
      "Country": "Saint Helena",
      "CountryCode": "SH",
      "Slug": "saint-helena",
      "NewConfirmed": 0,
      "TotalConfirmed": 0,
      "NewDeaths": 0,
      "TotalDeaths": 0,
      "NewRecovered": 0,
      "TotalRecovered": 0,
      "Date": "2020-05-08T10:25:43Z"
    },
    {
      "Country": "Saint Kitts and Nevis",
      "CountryCode": "KN",
      "Slug": "saint-kitts-and-nevis",
      "NewConfirmed": 0,
      "TotalConfirmed": 15,
      "NewDeaths": 0,
      "TotalDeaths": 0,
      "NewRecovered": 0,
      "TotalRecovered": 12,
      "Date": "2020-05-08T10:25:43Z"
    },
    {
      "Country": "Saint Lucia",
      "CountryCode": "LC",
      "Slug": "saint-lucia",
      "NewConfirmed": 0,
      "TotalConfirmed": 18,
      "NewDeaths": 0,
      "TotalDeaths": 0,
      "NewRecovered": 0,
      "TotalRecovered": 17,
      "Date": "2020-05-08T10:25:43Z"
    },
    {
      "Country": "Saint Pierre and Miquelon",
      "CountryCode": "PM",
      "Slug": "saint-pierre-and-miquelon",
      "NewConfirmed": 0,
      "TotalConfirmed": 0,
      "NewDeaths": 0,
      "TotalDeaths": 0,
      "NewRecovered": 0,
      "TotalRecovered": 0,
      "Date": "2020-05-08T10:25:43Z"
    },
    {
      "Country": "Saint Vincent and Grenadines",
      "CountryCode": "VC",
      "Slug": "saint-vincent-and-the-grenadines",
      "NewConfirmed": 0,
      "TotalConfirmed": 17,
      "NewDeaths": 0,
      "TotalDeaths": 0,
      "NewRecovered": 0,
      "TotalRecovered": 9,
      "Date": "2020-05-08T10:25:43Z"
    },
    {
      "Country": "Saint-Barthélemy",
      "CountryCode": "BL",
      "Slug": "saint-barthélemy",
      "NewConfirmed": 0,
      "TotalConfirmed": 0,
      "NewDeaths": 0,
      "TotalDeaths": 0,
      "NewRecovered": 0,
      "TotalRecovered": 0,
      "Date": "2020-05-08T10:25:43Z"
    },
    {
      "Country": "Saint-Martin (French part)",
      "CountryCode": "MF",
      "Slug": "saint-martin-french-part",
      "NewConfirmed": 0,
      "TotalConfirmed": 0,
      "NewDeaths": 0,
      "TotalDeaths": 0,
      "NewRecovered": 0,
      "TotalRecovered": 0,
      "Date": "2020-05-08T10:25:43Z"
    },
    {
      "Country": "Samoa",
      "CountryCode": "WS",
      "Slug": "samoa",
      "NewConfirmed": 0,
      "TotalConfirmed": 0,
      "NewDeaths": 0,
      "TotalDeaths": 0,
      "NewRecovered": 0,
      "TotalRecovered": 0,
      "Date": "2020-05-08T10:25:43Z"
    },
    {
      "Country": "San Marino",
      "CountryCode": "SM",
      "Slug": "san-marino",
      "NewConfirmed": 0,
      "TotalConfirmed": 622,
      "NewDeaths": 0,
      "TotalDeaths": 41,
      "NewRecovered": 0,
      "TotalRecovered": 106,
      "Date": "2020-05-08T10:25:43Z"
    },
    {
      "Country": "Sao Tome and Principe",
      "CountryCode": "ST",
      "Slug": "sao-tome-and-principe",
      "NewConfirmed": 0,
      "TotalConfirmed": 187,
      "NewDeaths": 0,
      "TotalDeaths": 4,
      "NewRecovered": 0,
      "TotalRecovered": 4,
      "Date": "2020-05-08T10:25:43Z"
    },
    {
      "Country": "Saudi Arabia",
      "CountryCode": "SA",
      "Slug": "saudi-arabia",
      "NewConfirmed": 0,
      "TotalConfirmed": 33731,
      "NewDeaths": 0,
      "TotalDeaths": 219,
      "NewRecovered": 0,
      "TotalRecovered": 7798,
      "Date": "2020-05-08T10:25:43Z"
    },
    {
      "Country": "Senegal",
      "CountryCode": "SN",
      "Slug": "senegal",
      "NewConfirmed": 0,
      "TotalConfirmed": 1492,
      "NewDeaths": 0,
      "TotalDeaths": 13,
      "NewRecovered": 0,
      "TotalRecovered": 562,
      "Date": "2020-05-08T10:25:43Z"
    },
    {
      "Country": "Serbia",
      "CountryCode": "RS",
      "Slug": "serbia",
      "NewConfirmed": 0,
      "TotalConfirmed": 9848,
      "NewDeaths": 0,
      "TotalDeaths": 206,
      "NewRecovered": 0,
      "TotalRecovered": 2160,
      "Date": "2020-05-08T10:25:43Z"
    },
    {
      "Country": "Seychelles",
      "CountryCode": "SC",
      "Slug": "seychelles",
      "NewConfirmed": 0,
      "TotalConfirmed": 11,
      "NewDeaths": 0,
      "TotalDeaths": 0,
      "NewRecovered": 0,
      "TotalRecovered": 8,
      "Date": "2020-05-08T10:25:43Z"
    },
    {
      "Country": "Sierra Leone",
      "CountryCode": "SL",
      "Slug": "sierra-leone",
      "NewConfirmed": 0,
      "TotalConfirmed": 231,
      "NewDeaths": 0,
      "TotalDeaths": 16,
      "NewRecovered": 0,
      "TotalRecovered": 54,
      "Date": "2020-05-08T10:25:43Z"
    },
    {
      "Country": "Singapore",
      "CountryCode": "SG",
      "Slug": "singapore",
      "NewConfirmed": 0,
      "TotalConfirmed": 20939,
      "NewDeaths": 0,
      "TotalDeaths": 20,
      "NewRecovered": 0,
      "TotalRecovered": 1712,
      "Date": "2020-05-08T10:25:43Z"
    },
    {
      "Country": "Slovakia",
      "CountryCode": "SK",
      "Slug": "slovakia",
      "NewConfirmed": 0,
      "TotalConfirmed": 1445,
      "NewDeaths": 0,
      "TotalDeaths": 26,
      "NewRecovered": 0,
      "TotalRecovered": 806,
      "Date": "2020-05-08T10:25:43Z"
    },
    {
      "Country": "Slovenia",
      "CountryCode": "SI",
      "Slug": "slovenia",
      "NewConfirmed": 0,
      "TotalConfirmed": 1449,
      "NewDeaths": 0,
      "TotalDeaths": 99,
      "NewRecovered": 0,
      "TotalRecovered": 247,
      "Date": "2020-05-08T10:25:43Z"
    },
    {
      "Country": "Solomon Islands",
      "CountryCode": "SB",
      "Slug": "solomon-islands",
      "NewConfirmed": 0,
      "TotalConfirmed": 0,
      "NewDeaths": 0,
      "TotalDeaths": 0,
      "NewRecovered": 0,
      "TotalRecovered": 0,
      "Date": "2020-05-08T10:25:43Z"
    },
    {
      "Country": "Somalia",
      "CountryCode": "SO",
      "Slug": "somalia",
      "NewConfirmed": 0,
      "TotalConfirmed": 928,
      "NewDeaths": 0,
      "TotalDeaths": 44,
      "NewRecovered": 0,
      "TotalRecovered": 106,
      "Date": "2020-05-08T10:25:43Z"
    },
    {
      "Country": "South Africa",
      "CountryCode": "ZA",
      "Slug": "south-africa",
      "NewConfirmed": 0,
      "TotalConfirmed": 8232,
      "NewDeaths": 0,
      "TotalDeaths": 161,
      "NewRecovered": 0,
      "TotalRecovered": 3153,
      "Date": "2020-05-08T10:25:43Z"
    },
    {
      "Country": "South Georgia and the South Sandwich Islands",
      "CountryCode": "GS",
      "Slug": "south-georgia-and-the-south-sandwich-islands",
      "NewConfirmed": 0,
      "TotalConfirmed": 0,
      "NewDeaths": 0,
      "TotalDeaths": 0,
      "NewRecovered": 0,
      "TotalRecovered": 0,
      "Date": "2020-05-08T10:25:43Z"
    },
    {
      "Country": "South Sudan",
      "CountryCode": "SS",
      "Slug": "south-sudan",
      "NewConfirmed": 0,
      "TotalConfirmed": 74,
      "NewDeaths": 0,
      "TotalDeaths": 0,
      "NewRecovered": 0,
      "TotalRecovered": 0,
      "Date": "2020-05-08T10:25:43Z"
    },
    {
      "Country": "Spain",
      "CountryCode": "ES",
      "Slug": "spain",
      "NewConfirmed": 0,
      "TotalConfirmed": 221447,
      "NewDeaths": 0,
      "TotalDeaths": 26070,
      "NewRecovered": 0,
      "TotalRecovered": 128511,
      "Date": "2020-05-08T10:25:43Z"
    },
    {
      "Country": "Sri Lanka",
      "CountryCode": "LK",
      "Slug": "sri-lanka",
      "NewConfirmed": 0,
      "TotalConfirmed": 824,
      "NewDeaths": 0,
      "TotalDeaths": 9,
      "NewRecovered": 0,
      "TotalRecovered": 232,
      "Date": "2020-05-08T10:25:43Z"
    },
    {
      "Country": "Sudan",
      "CountryCode": "SD",
      "Slug": "sudan",
      "NewConfirmed": 0,
      "TotalConfirmed": 930,
      "NewDeaths": 0,
      "TotalDeaths": 52,
      "NewRecovered": 0,
      "TotalRecovered": 92,
      "Date": "2020-05-08T10:25:43Z"
    },
    {
      "Country": "Suriname",
      "CountryCode": "SR",
      "Slug": "suriname",
      "NewConfirmed": 0,
      "TotalConfirmed": 10,
      "NewDeaths": 0,
      "TotalDeaths": 1,
      "NewRecovered": 0,
      "TotalRecovered": 9,
      "Date": "2020-05-08T10:25:43Z"
    },
    {
      "Country": "Svalbard and Jan Mayen Islands",
      "CountryCode": "SJ",
      "Slug": "svalbard-and-jan-mayen-islands",
      "NewConfirmed": 0,
      "TotalConfirmed": 0,
      "NewDeaths": 0,
      "TotalDeaths": 0,
      "NewRecovered": 0,
      "TotalRecovered": 0,
      "Date": "2020-05-08T10:25:43Z"
    },
    {
      "Country": "Swaziland",
      "CountryCode": "SZ",
      "Slug": "swaziland",
      "NewConfirmed": 0,
      "TotalConfirmed": 153,
      "NewDeaths": 0,
      "TotalDeaths": 2,
      "NewRecovered": 0,
      "TotalRecovered": 12,
      "Date": "2020-05-08T10:25:43Z"
    },
    {
      "Country": "Sweden",
      "CountryCode": "SE",
      "Slug": "sweden",
      "NewConfirmed": 0,
      "TotalConfirmed": 24623,
      "NewDeaths": 0,
      "TotalDeaths": 3040,
      "NewRecovered": 0,
      "TotalRecovered": 4971,
      "Date": "2020-05-08T10:25:43Z"
    },
    {
      "Country": "Switzerland",
      "CountryCode": "CH",
      "Slug": "switzerland",
      "NewConfirmed": 0,
      "TotalConfirmed": 30126,
      "NewDeaths": 0,
      "TotalDeaths": 1810,
      "NewRecovered": 0,
      "TotalRecovered": 25900,
      "Date": "2020-05-08T10:25:43Z"
    },
    {
      "Country": "Syrian Arab Republic (Syria)",
      "CountryCode": "SY",
      "Slug": "syria",
      "NewConfirmed": 0,
      "TotalConfirmed": 45,
      "NewDeaths": 0,
      "TotalDeaths": 3,
      "NewRecovered": 0,
      "TotalRecovered": 27,
      "Date": "2020-05-08T10:25:43Z"
    },
    {
      "Country": "Taiwan, Republic of China",
      "CountryCode": "TW",
      "Slug": "taiwan",
      "NewConfirmed": 0,
      "TotalConfirmed": 440,
      "NewDeaths": 0,
      "TotalDeaths": 6,
      "NewRecovered": 0,
      "TotalRecovered": 347,
      "Date": "2020-05-08T10:25:43Z"
    },
    {
      "Country": "Tajikistan",
      "CountryCode": "TJ",
      "Slug": "tajikistan",
      "NewConfirmed": 0,
      "TotalConfirmed": 461,
      "NewDeaths": 0,
      "TotalDeaths": 12,
      "NewRecovered": 0,
      "TotalRecovered": 0,
      "Date": "2020-05-08T10:25:43Z"
    },
    {
      "Country": "Tanzania, United Republic of",
      "CountryCode": "TZ",
      "Slug": "tanzania",
      "NewConfirmed": 0,
      "TotalConfirmed": 480,
      "NewDeaths": 0,
      "TotalDeaths": 16,
      "NewRecovered": 0,
      "TotalRecovered": 167,
      "Date": "2020-05-08T10:25:43Z"
    },
    {
      "Country": "Thailand",
      "CountryCode": "TH",
      "Slug": "thailand",
      "NewConfirmed": 0,
      "TotalConfirmed": 2992,
      "NewDeaths": 0,
      "TotalDeaths": 55,
      "NewRecovered": 0,
      "TotalRecovered": 2772,
      "Date": "2020-05-08T10:25:43Z"
    },
    {
      "Country": "Timor-Leste",
      "CountryCode": "TL",
      "Slug": "timor-leste",
      "NewConfirmed": 0,
      "TotalConfirmed": 24,
      "NewDeaths": 0,
      "TotalDeaths": 0,
      "NewRecovered": 0,
      "TotalRecovered": 21,
      "Date": "2020-05-08T10:25:43Z"
    },
    {
      "Country": "Togo",
      "CountryCode": "TG",
      "Slug": "togo",
      "NewConfirmed": 0,
      "TotalConfirmed": 135,
      "NewDeaths": 0,
      "TotalDeaths": 9,
      "NewRecovered": 0,
      "TotalRecovered": 85,
      "Date": "2020-05-08T10:25:43Z"
    },
    {
      "Country": "Tokelau",
      "CountryCode": "TK",
      "Slug": "tokelau",
      "NewConfirmed": 0,
      "TotalConfirmed": 0,
      "NewDeaths": 0,
      "TotalDeaths": 0,
      "NewRecovered": 0,
      "TotalRecovered": 0,
      "Date": "2020-05-08T10:25:43Z"
    },
    {
      "Country": "Tonga",
      "CountryCode": "TO",
      "Slug": "tonga",
      "NewConfirmed": 0,
      "TotalConfirmed": 0,
      "NewDeaths": 0,
      "TotalDeaths": 0,
      "NewRecovered": 0,
      "TotalRecovered": 0,
      "Date": "2020-05-08T10:25:43Z"
    },
    {
      "Country": "Trinidad and Tobago",
      "CountryCode": "TT",
      "Slug": "trinidad-and-tobago",
      "NewConfirmed": 0,
      "TotalConfirmed": 116,
      "NewDeaths": 0,
      "TotalDeaths": 8,
      "NewRecovered": 0,
      "TotalRecovered": 103,
      "Date": "2020-05-08T10:25:43Z"
    },
    {
      "Country": "Tunisia",
      "CountryCode": "TN",
      "Slug": "tunisia",
      "NewConfirmed": 0,
      "TotalConfirmed": 1026,
      "NewDeaths": 0,
      "TotalDeaths": 44,
      "NewRecovered": 0,
      "TotalRecovered": 600,
      "Date": "2020-05-08T10:25:43Z"
    },
    {
      "Country": "Turkey",
      "CountryCode": "TR",
      "Slug": "turkey",
      "NewConfirmed": 0,
      "TotalConfirmed": 133721,
      "NewDeaths": 0,
      "TotalDeaths": 3641,
      "NewRecovered": 0,
      "TotalRecovered": 82984,
      "Date": "2020-05-08T10:25:43Z"
    },
    {
      "Country": "Turkmenistan",
      "CountryCode": "TM",
      "Slug": "turkmenistan",
      "NewConfirmed": 0,
      "TotalConfirmed": 0,
      "NewDeaths": 0,
      "TotalDeaths": 0,
      "NewRecovered": 0,
      "TotalRecovered": 0,
      "Date": "2020-05-08T10:25:43Z"
    },
    {
      "Country": "Turks and Caicos Islands",
      "CountryCode": "TC",
      "Slug": "turks-and-caicos-islands",
      "NewConfirmed": 0,
      "TotalConfirmed": 0,
      "NewDeaths": 0,
      "TotalDeaths": 0,
      "NewRecovered": 0,
      "TotalRecovered": 0,
      "Date": "2020-05-08T10:25:43Z"
    },
    {
      "Country": "Tuvalu",
      "CountryCode": "TV",
      "Slug": "tuvalu",
      "NewConfirmed": 0,
      "TotalConfirmed": 0,
      "NewDeaths": 0,
      "TotalDeaths": 0,
      "NewRecovered": 0,
      "TotalRecovered": 0,
      "Date": "2020-05-08T10:25:43Z"
    },
    {
      "Country": "US Minor Outlying Islands",
      "CountryCode": "UM",
      "Slug": "us-minor-outlying-islands",
      "NewConfirmed": 0,
      "TotalConfirmed": 0,
      "NewDeaths": 0,
      "TotalDeaths": 0,
      "NewRecovered": 0,
      "TotalRecovered": 0,
      "Date": "2020-05-08T10:25:43Z"
    },
    {
      "Country": "Uganda",
      "CountryCode": "UG",
      "Slug": "uganda",
      "NewConfirmed": 0,
      "TotalConfirmed": 101,
      "NewDeaths": 0,
      "TotalDeaths": 0,
      "NewRecovered": 0,
      "TotalRecovered": 55,
      "Date": "2020-05-08T10:25:43Z"
    },
    {
      "Country": "Ukraine",
      "CountryCode": "UA",
      "Slug": "ukraine",
      "NewConfirmed": 0,
      "TotalConfirmed": 13691,
      "NewDeaths": 0,
      "TotalDeaths": 340,
      "NewRecovered": 0,
      "TotalRecovered": 2396,
      "Date": "2020-05-08T10:25:43Z"
    },
    {
      "Country": "United Arab Emirates",
      "CountryCode": "AE",
      "Slug": "united-arab-emirates",
      "NewConfirmed": 0,
      "TotalConfirmed": 16240,
      "NewDeaths": 0,
      "TotalDeaths": 165,
      "NewRecovered": 0,
      "TotalRecovered": 3572,
      "Date": "2020-05-08T10:25:43Z"
    },
    {
      "Country": "United Kingdom",
      "CountryCode": "GB",
      "Slug": "united-kingdom",
      "NewConfirmed": 0,
      "TotalConfirmed": 206715,
      "NewDeaths": 0,
      "TotalDeaths": 30615,
      "NewRecovered": 0,
      "TotalRecovered": 0,
      "Date": "2020-05-08T10:25:43Z"
    },
    {
      "Country": "United States of America",
      "CountryCode": "US",
      "Slug": "united-states",
      "NewConfirmed": 0,
      "TotalConfirmed": 1257023,
      "NewDeaths": 0,
      "TotalDeaths": 75662,
      "NewRecovered": 0,
      "TotalRecovered": 195036,
      "Date": "2020-05-08T10:25:43Z"
    },
    {
      "Country": "Uruguay",
      "CountryCode": "UY",
      "Slug": "uruguay",
      "NewConfirmed": 0,
      "TotalConfirmed": 684,
      "NewDeaths": 0,
      "TotalDeaths": 17,
      "NewRecovered": 0,
      "TotalRecovered": 492,
      "Date": "2020-05-08T10:25:43Z"
    },
    {
      "Country": "Uzbekistan",
      "CountryCode": "UZ",
      "Slug": "uzbekistan",
      "NewConfirmed": 0,
      "TotalConfirmed": 2298,
      "NewDeaths": 0,
      "TotalDeaths": 10,
      "NewRecovered": 0,
      "TotalRecovered": 1656,
      "Date": "2020-05-08T10:25:43Z"
    },
    {
      "Country": "Vanuatu",
      "CountryCode": "VU",
      "Slug": "vanuatu",
      "NewConfirmed": 0,
      "TotalConfirmed": 0,
      "NewDeaths": 0,
      "TotalDeaths": 0,
      "NewRecovered": 0,
      "TotalRecovered": 0,
      "Date": "2020-05-08T10:25:43Z"
    },
    {
      "Country": "Venezuela (Bolivarian Republic)",
      "CountryCode": "VE",
      "Slug": "venezuela",
      "NewConfirmed": 0,
      "TotalConfirmed": 381,
      "NewDeaths": 0,
      "TotalDeaths": 10,
      "NewRecovered": 0,
      "TotalRecovered": 185,
      "Date": "2020-05-08T10:25:43Z"
    },
    {
      "Country": "Viet Nam",
      "CountryCode": "VN",
      "Slug": "vietnam",
      "NewConfirmed": 0,
      "TotalConfirmed": 288,
      "NewDeaths": 0,
      "TotalDeaths": 0,
      "NewRecovered": 0,
      "TotalRecovered": 233,
      "Date": "2020-05-08T10:25:43Z"
    },
    {
      "Country": "Virgin Islands, US",
      "CountryCode": "VI",
      "Slug": "virgin-islands",
      "NewConfirmed": 0,
      "TotalConfirmed": 0,
      "NewDeaths": 0,
      "TotalDeaths": 0,
      "NewRecovered": 0,
      "TotalRecovered": 0,
      "Date": "2020-05-08T10:25:43Z"
    },
    {
      "Country": "Wallis and Futuna Islands",
      "CountryCode": "WF",
      "Slug": "wallis-and-futuna-islands",
      "NewConfirmed": 0,
      "TotalConfirmed": 0,
      "NewDeaths": 0,
      "TotalDeaths": 0,
      "NewRecovered": 0,
      "TotalRecovered": 0,
      "Date": "2020-05-08T10:25:43Z"
    },
    {
      "Country": "Western Sahara",
      "CountryCode": "EH",
      "Slug": "western-sahara",
      "NewConfirmed": 0,
      "TotalConfirmed": 6,
      "NewDeaths": 0,
      "TotalDeaths": 0,
      "NewRecovered": 0,
      "TotalRecovered": 5,
      "Date": "2020-05-08T10:25:43Z"
    },
    {
      "Country": "Yemen",
      "CountryCode": "YE",
      "Slug": "yemen",
      "NewConfirmed": 0,
      "TotalConfirmed": 25,
      "NewDeaths": 0,
      "TotalDeaths": 5,
      "NewRecovered": 0,
      "TotalRecovered": 1,
      "Date": "2020-05-08T10:25:43Z"
    },
    {
      "Country": "Zambia",
      "CountryCode": "ZM",
      "Slug": "zambia",
      "NewConfirmed": 0,
      "TotalConfirmed": 153,
      "NewDeaths": 0,
      "TotalDeaths": 4,
      "NewRecovered": 0,
      "TotalRecovered": 103,
      "Date": "2020-05-08T10:25:43Z"
    },
    {
      "Country": "Zimbabwe",
      "CountryCode": "ZW",
      "Slug": "zimbabwe",
      "NewConfirmed": 0,
      "TotalConfirmed": 34,
      "NewDeaths": 0,
      "TotalDeaths": 4,
      "NewRecovered": 0,
      "TotalRecovered": 5,
      "Date": "2020-05-08T10:25:43Z"
    }
  ],
  "Date": "2020-05-08T10:25:43Z"
}
